ID,Name,Age,City,Salary
1,Person_1,31,Los Angeles,77230
2,Person_2,24,Phoenix,108963
3,Person_3,22,Chicago,33353
4,Person_4,33,Phoenix,67855
5,Person_5,57,Los Angeles,59325
6,Person_6,42,Los Angeles,44099
7,Person_7,32,New York,93059
8,Person_8,53,Chicago,39571
9,Person_9,50,New York,46063
10,Person_10,38,Phoenix,90909
11,Person_11,57,Chicago,45151
12,Person_12,42,Los Angeles,97728
13,Person_13,27,Houston,95222
14,Person_14,63,Phoenix,31580
15,Person_15,39,New York,36262
16,Person_16,60,Houston,46043
17,Person_17,52,Chicago,101537
18,Person_18,40,Chicago,84261
19,Person_19,25,Phoenix,79298
20,Person_20,23,New York,107600
21,Person_21,50,Chicago,43055
22,Person_22,54,New York,65045
23,Person_23,60,New York,50840
24,Person_24,29,Chicago,69678
25,Person_25,21,Phoenix,38496
26,Person_26,21,Houston,30149
27,Person_27,23,Chicago,68244
28,Person_28,45,Houston,72828
29,Person_29,47,Los Angeles,41325
30,Person_30,28,Chicago,70802
31,Person_31,36,Los Angeles,98652
32,Person_32,57,Houston,114678
33,Person_33,25,Phoenix,81677
34,Person_34,43,Phoenix,112657
35,Person_35,58,Houston,82491
36,Person_36,46,New York,110685
37,Person_37,22,Phoenix,39900
38,Person_38,37,Phoenix,86099
39,Person_39,64,Chicago,110885
40,Person_40,55,Los Angeles,81406
41,Person_41,45,Chicago,63185
42,Person_42,31,New York,53426
43,Person_43,54,Phoenix,70040
44,Person_44,31,Chicago,118906
45,Person_45,42,New York,111088
46,Person_46,23,Chicago,102764
47,Person_47,25,Houston,54039
48,Person_48,50,Houston,113743
49,Person_49,32,Chicago,39101
50,Person_50,19,Phoenix,93510
51,Person_51,51,New York,85461
52,Person_52,47,Houston,47828
53,Person_53,27,Chicago,87592
54,Person_54,40,Chicago,36941
55,Person_55,33,Chicago,71926
56,Person_56,50,Chicago,72883
57,Person_57,39,Phoenix,46804
58,Person_58,53,Phoenix,61574
59,Person_59,27,New York,47136
60,Person_60,40,Chicago,109173
61,Person_61,34,Houston,53630
62,Person_62,41,New York,117060
63,Person_63,29,New York,74296
64,Person_64,50,Los Angeles,101861
65,Person_65,31,Chicago,84057
66,Person_66,31,Houston,88274
67,Person_67,36,Chicago,82379
68,Person_68,60,New York,105351
69,Person_69,47,New York,40795
70,Person_70,44,New York,50838
71,Person_71,57,Chicago,57273
72,Person_72,60,New York,39493
73,Person_73,31,New York,48116
74,Person_74,28,Los Angeles,97845
75,Person_75,61,Chicago,82783
76,Person_76,31,Houston,52979
77,Person_77,29,New York,109796
78,Person_78,48,Houston,93569
79,Person_79,29,Houston,107326
80,Person_80,24,Phoenix,111023
81,Person_81,37,Los Angeles,58370
82,Person_82,63,New York,89990
83,Person_83,46,Los Angeles,74817
84,Person_84,25,Los Angeles,118849
85,Person_85,32,Houston,57199
86,Person_86,39,New York,32361
87,Person_87,53,Phoenix,46082
88,Person_88,28,New York,106632
89,Person_89,42,Houston,98279
90,Person_90,64,Houston,115690
91,Person_91,34,Phoenix,77925
92,Person_92,26,Chicago,68499
93,Person_93,50,Chicago,117259
94,Person_94,56,Phoenix,97630
95,Person_95,26,Los Angeles,54509
96,Person_96,55,New York,101456
97,Person_97,22,Houston,100960
98,Person_98,41,Phoenix,74889
99,Person_99,56,Chicago,119482
100,Person_100,57,Phoenix,82895
101,Person_101,31,New York,92012
102,Person_102,20,New York,58948
103,Person_103,20,Chicago,63501
104,Person_104,36,Phoenix,53475
105,Person_105,24,Chicago,68613
106,Person_106,44,Houston,80318
107,Person_107,29,Chicago,55658
108,Person_108,43,Phoenix,95579
109,Person_109,53,Los Angeles,113120
110,Person_110,24,Los Angeles,117644
111,Person_111,62,Phoenix,68132
112,Person_112,18,New York,34400
113,Person_113,55,Phoenix,72933
114,Person_114,42,New York,113780
115,Person_115,55,New York,39055
116,Person_116,54,Houston,53586
117,Person_117,52,Chicago,63423
118,Person_118,60,Los Angeles,113161
119,Person_119,53,New York,92385
120,Person_120,32,Chicago,111320
121,Person_121,20,Houston,50912
122,Person_122,39,New York,116302
123,Person_123,21,Los Angeles,59276
124,Person_124,53,Houston,34315
125,Person_125,31,Houston,84298
126,Person_126,24,New York,89378
127,Person_127,27,New York,97062
128,Person_128,33,Houston,75955
129,Person_129,37,Chicago,41776
130,Person_130,57,Phoenix,67718
131,Person_131,39,Phoenix,54520
132,Person_132,47,Los Angeles,85298
133,Person_133,54,Houston,108073
134,Person_134,24,Chicago,57478
135,Person_135,47,Los Angeles,33065
136,Person_136,63,Chicago,116901
137,Person_137,41,New York,54091
138,Person_138,44,Chicago,38507
139,Person_139,51,Chicago,50940
140,Person_140,20,Phoenix,41386
141,Person_141,24,New York,71600
142,Person_142,45,New York,81869
143,Person_143,37,Los Angeles,71810
144,Person_144,54,Los Angeles,82264
145,Person_145,42,Los Angeles,43723
146,Person_146,22,Chicago,54893
147,Person_147,40,Chicago,103507
148,Person_148,49,Houston,118270
149,Person_149,42,New York,82552
150,Person_150,34,Los Angeles,74866
151,Person_151,25,Phoenix,59232
152,Person_152,55,Houston,100542
153,Person_153,62,Chicago,110786
154,Person_154,28,Los Angeles,62916
155,Person_155,38,Los Angeles,110966
156,Person_156,29,Los Angeles,46469
157,Person_157,50,New York,93723
158,Person_158,35,Chicago,42754
159,Person_159,21,Houston,43218
160,Person_160,55,Los Angeles,94860
161,Person_161,61,Phoenix,30656
162,Person_162,40,Houston,60300
163,Person_163,47,Chicago,93305
164,Person_164,34,Los Angeles,63550
165,Person_165,23,Los Angeles,59805
166,Person_166,39,Los Angeles,30937
167,Person_167,25,Phoenix,99713
168,Person_168,28,Chicago,59700
169,Person_169,51,Chicago,37966
170,Person_170,59,Phoenix,67561
171,Person_171,55,Phoenix,30365
172,Person_172,55,New York,40292
173,Person_173,30,Phoenix,48568
174,Person_174,32,Los Angeles,114226
175,Person_175,40,Houston,35639
176,Person_176,20,New York,77217
177,Person_177,37,Phoenix,76605
178,Person_178,58,Houston,104890
179,Person_179,47,Los Angeles,36310
180,Person_180,34,Phoenix,76911
181,Person_181,49,Chicago,109579
182,Person_182,34,Chicago,43421
183,Person_183,46,Los Angeles,103872
184,Person_184,36,Los Angeles,70293
185,Person_185,28,Los Angeles,37619
186,Person_186,39,Los Angeles,61239
187,Person_187,19,Chicago,31205
188,Person_188,50,Houston,38647
189,Person_189,53,New York,45227
190,Person_190,25,Los Angeles,112024
191,Person_191,18,Phoenix,89864
192,Person_192,18,Phoenix,62657
193,Person_193,43,Houston,47860
194,Person_194,61,Los Angeles,102629
195,Person_195,20,New York,40171
196,Person_196,35,Houston,47698
197,Person_197,19,Chicago,110278
198,Person_198,51,Los Angeles,82728
199,Person_199,42,New York,115809
200,Person_200,39,Los Angeles,43891
201,Person_201,49,Phoenix,73966
202,Person_202,44,Los Angeles,99484
203,Person_203,42,Chicago,32912
204,Person_204,56,Phoenix,43957
205,Person_205,43,Houston,109497
206,Person_206,49,Houston,110990
207,Person_207,36,New York,108728
208,Person_208,43,Los Angeles,35500
209,Person_209,57,Phoenix,96621
210,Person_210,21,Houston,30198
211,Person_211,46,Phoenix,92263
212,Person_212,39,Los Angeles,80786
213,Person_213,31,Phoenix,52701
214,Person_214,26,New York,35743
215,Person_215,28,Phoenix,71270
216,Person_216,30,Los Angeles,73910
217,Person_217,35,Chicago,33053
218,Person_218,40,Los Angeles,55362
219,Person_219,47,Phoenix,102873
220,Person_220,28,New York,46000
221,Person_221,59,Chicago,31618
222,Person_222,24,Los Angeles,35652
223,Person_223,55,Phoenix,62434
224,Person_224,32,Chicago,80991
225,Person_225,26,Phoenix,108057
226,Person_226,49,Chicago,51135
227,Person_227,54,Chicago,48172
228,Person_228,28,Houston,46872
229,Person_229,43,Houston,98978
230,Person_230,36,New York,53512
231,Person_231,61,New York,107374
232,Person_232,55,Houston,78724
233,Person_233,28,Chicago,76000
234,Person_234,23,Phoenix,41932
235,Person_235,23,Chicago,48783
236,Person_236,19,Houston,88846
237,Person_237,35,New York,91241
238,Person_238,32,Phoenix,68336
239,Person_239,23,Los Angeles,68062
240,Person_240,20,Chicago,36664
241,Person_241,23,Los Angeles,43572
242,Person_242,51,Phoenix,83153
243,Person_243,39,Phoenix,40554
244,Person_244,40,Phoenix,95513
245,Person_245,29,Phoenix,119754
246,Person_246,64,Los Angeles,41992
247,Person_247,47,Phoenix,50220
248,Person_248,28,Phoenix,103651
249,Person_249,27,Chicago,116850
250,Person_250,29,Los Angeles,56090
251,Person_251,24,Houston,103246
252,Person_252,19,New York,113359
253,Person_253,62,Chicago,44826
254,Person_254,56,Phoenix,51935
255,Person_255,42,Los Angeles,57888
256,Person_256,29,New York,92127
257,Person_257,31,New York,45379
258,Person_258,39,Houston,53934
259,Person_259,38,Los Angeles,85146
260,Person_260,32,Houston,34426
261,Person_261,49,Los Angeles,66814
262,Person_262,57,Chicago,109552
263,Person_263,64,Los Angeles,86516
264,Person_264,25,Houston,93905
265,Person_265,51,Houston,36367
266,Person_266,25,New York,69511
267,Person_267,44,Chicago,30744
268,Person_268,42,Chicago,119410
269,Person_269,23,Houston,54545
270,Person_270,50,Houston,110838
271,Person_271,60,New York,94219
272,Person_272,29,New York,61070
273,Person_273,37,Los Angeles,105118
274,Person_274,28,Los Angeles,39613
275,Person_275,33,Chicago,32480
276,Person_276,22,Los Angeles,111112
277,Person_277,57,Chicago,114807
278,Person_278,28,Phoenix,44604
279,Person_279,52,Phoenix,107179
280,Person_280,46,Phoenix,38424
281,Person_281,19,Chicago,51198
282,Person_282,34,Phoenix,74249
283,Person_283,42,Houston,30368
284,Person_284,39,Chicago,50645
285,Person_285,32,Chicago,69221
286,Person_286,45,Chicago,102535
287,Person_287,43,Los Angeles,53627
288,Person_288,44,Phoenix,62342
289,Person_289,59,Chicago,66156
290,Person_290,20,New York,33588
291,Person_291,21,Houston,84399
292,Person_292,62,Chicago,84307
293,Person_293,50,Chicago,91557
294,Person_294,33,Los Angeles,98434
295,Person_295,45,Chicago,77527
296,Person_296,23,Los Angeles,32220
297,Person_297,61,New York,104519
298,Person_298,45,Houston,35782
299,Person_299,50,New York,114579
300,Person_300,30,Phoenix,119396
301,Person_301,52,Los Angeles,52409
302,Person_302,59,New York,73987
303,Person_303,20,Chicago,40118
304,Person_304,53,New York,78766
305,Person_305,50,Chicago,79504
306,Person_306,33,Chicago,84057
307,Person_307,52,Chicago,90015
308,Person_308,60,Houston,45747
309,Person_309,34,Houston,58461
310,Person_310,32,Chicago,74915
311,Person_311,62,Los Angeles,37815
312,Person_312,33,Phoenix,39313
313,Person_313,21,New York,117874
314,Person_314,35,Houston,58537
315,Person_315,64,Los Angeles,68437
316,Person_316,31,Los Angeles,36808
317,Person_317,63,Houston,75637
318,Person_318,19,Los Angeles,46033
319,Person_319,34,Phoenix,46677
320,Person_320,44,Chicago,47672
321,Person_321,34,Los Angeles,55120
322,Person_322,34,Houston,48172
323,Person_323,21,Phoenix,40561
324,Person_324,57,Phoenix,91904
325,Person_325,18,Phoenix,115209
326,Person_326,28,New York,71581
327,Person_327,56,Chicago,33075
328,Person_328,47,Los Angeles,107310
329,Person_329,52,Los Angeles,74928
330,Person_330,19,Chicago,79031
331,Person_331,41,Phoenix,103451
332,Person_332,23,Phoenix,87782
333,Person_333,51,Chicago,110269
334,Person_334,29,Houston,113616
335,Person_335,43,Houston,108568
336,Person_336,50,Phoenix,56824
337,Person_337,56,Los Angeles,97822
338,Person_338,51,Phoenix,38997
339,Person_339,44,Los Angeles,62601
340,Person_340,50,Houston,65678
341,Person_341,34,Los Angeles,58469
342,Person_342,50,New York,76914
343,Person_343,61,Chicago,114558
344,Person_344,35,New York,81809
345,Person_345,54,Houston,95354
346,Person_346,64,Houston,112390
347,Person_347,46,Los Angeles,64463
348,Person_348,24,Houston,84763
349,Person_349,60,Phoenix,61462
350,Person_350,56,Chicago,89634
351,Person_351,61,Houston,59334
352,Person_352,41,Phoenix,58194
353,Person_353,21,Houston,34283
354,Person_354,22,Los Angeles,88092
355,Person_355,41,Houston,65020
356,Person_356,51,Los Angeles,51353
357,Person_357,52,Los Angeles,70364
358,Person_358,57,New York,38495
359,Person_359,31,Chicago,53181
360,Person_360,30,Los Angeles,33564
361,Person_361,22,New York,42144
362,Person_362,64,Houston,94629
363,Person_363,41,Chicago,114764
364,Person_364,50,Phoenix,94585
365,Person_365,41,Chicago,45847
366,Person_366,39,Houston,112905
367,Person_367,32,New York,68776
368,Person_368,63,Phoenix,104617
369,Person_369,28,Chicago,110330
370,Person_370,64,New York,60058
371,Person_371,57,Los Angeles,55538
372,Person_372,36,New York,93103
373,Person_373,34,Chicago,84411
374,Person_374,40,New York,99844
375,Person_375,31,Los Angeles,47420
376,Person_376,30,Chicago,82819
377,Person_377,30,Chicago,54424
378,Person_378,47,Chicago,107780
379,Person_379,22,Phoenix,34635
380,Person_380,64,Phoenix,35073
381,Person_381,20,Phoenix,35088
382,Person_382,27,Houston,97329
383,Person_383,25,Los Angeles,76367
384,Person_384,21,Houston,112576
385,Person_385,61,New York,35906
386,Person_386,49,Phoenix,111245
387,Person_387,46,New York,36319
388,Person_388,20,Los Angeles,112223
389,Person_389,46,Houston,54631
390,Person_390,59,New York,74449
391,Person_391,29,Chicago,49354
392,Person_392,56,Houston,72647
393,Person_393,33,Los Angeles,30331
394,Person_394,57,Los Angeles,90639
395,Person_395,25,Phoenix,86823
396,Person_396,32,Houston,66658
397,Person_397,37,Houston,96968
398,Person_398,55,Houston,30758
399,Person_399,60,New York,39915
400,Person_400,43,Chicago,74582
401,Person_401,24,Houston,41819
402,Person_402,19,New York,64768
403,Person_403,59,Phoenix,37483
404,Person_404,33,Los Angeles,87045
405,Person_405,39,Chicago,81941
406,Person_406,41,Chicago,109001
407,Person_407,22,Chicago,90193
408,Person_408,43,Phoenix,64247
409,Person_409,31,Chicago,105508
410,Person_410,23,Chicago,41509
411,Person_411,52,New York,89218
412,Person_412,39,Los Angeles,38594
413,Person_413,61,Houston,73705
414,Person_414,19,Los Angeles,87169
415,Person_415,27,Los Angeles,118634
416,Person_416,61,Houston,96253
417,Person_417,20,Phoenix,97623
418,Person_418,40,Los Angeles,49049
419,Person_419,22,Houston,39482
420,Person_420,43,Houston,105198
421,Person_421,53,Phoenix,113984
422,Person_422,43,New York,97699
423,Person_423,62,New York,50521
424,Person_424,28,Houston,76716
425,Person_425,62,Chicago,119737
426,Person_426,50,Houston,85860
427,Person_427,45,Los Angeles,84116
428,Person_428,18,Chicago,60116
429,Person_429,63,Los Angeles,90084
430,Person_430,58,New York,51036
431,Person_431,34,Houston,52207
432,Person_432,33,Chicago,108173
433,Person_433,48,New York,84225
434,Person_434,55,Chicago,34675
435,Person_435,40,Chicago,89892
436,Person_436,23,Los Angeles,57067
437,Person_437,43,Los Angeles,65339
438,Person_438,63,New York,63676
439,Person_439,47,Chicago,95395
440,Person_440,41,Los Angeles,34783
441,Person_441,56,Phoenix,115516
442,Person_442,61,Houston,56606
443,Person_443,48,Houston,106763
444,Person_444,47,New York,41502
445,Person_445,29,Phoenix,86868
446,Person_446,38,Los Angeles,38119
447,Person_447,44,Houston,38221
448,Person_448,30,New York,45162
449,Person_449,37,Houston,46840
450,Person_450,58,New York,69804
451,Person_451,48,Chicago,79847
452,Person_452,37,Houston,102250
453,Person_453,47,Chicago,97570
454,Person_454,33,Phoenix,105871
455,Person_455,36,Chicago,60077
456,Person_456,31,Chicago,87116
457,Person_457,57,Los Angeles,106472
458,Person_458,56,New York,114736
459,Person_459,35,New York,43897
460,Person_460,60,Phoenix,95364
461,Person_461,29,Los Angeles,85890
462,Person_462,37,Phoenix,38982
463,Person_463,61,Los Angeles,65459
464,Person_464,63,Los Angeles,58919
465,Person_465,27,Los Angeles,31646
466,Person_466,48,Los Angeles,44811
467,Person_467,23,Los Angeles,43785
468,Person_468,49,Chicago,97658
469,Person_469,39,Chicago,52266
470,Person_470,64,Phoenix,89234
471,Person_471,23,Houston,109307
472,Person_472,57,New York,72723
473,Person_473,31,Houston,73483
474,Person_474,50,Los Angeles,68625
475,Person_475,44,New York,98087
476,Person_476,61,Chicago,61728
477,Person_477,60,New York,105812
478,Person_478,35,Chicago,66934
479,Person_479,60,Phoenix,100763
480,Person_480,34,Chicago,97689
481,Person_481,58,New York,115069
482,Person_482,59,Chicago,97298
483,Person_483,57,Chicago,104006
484,Person_484,60,New York,105428
485,Person_485,33,Houston,113636
486,Person_486,34,Phoenix,71276
487,Person_487,59,Phoenix,68811
488,Person_488,38,New York,106283
489,Person_489,19,New York,31949
490,Person_490,20,Los Angeles,46660
491,Person_491,37,Chicago,60692
492,Person_492,34,Los Angeles,79458
493,Person_493,23,New York,77492
494,Person_494,30,Los Angeles,39142
495,Person_495,34,Phoenix,42217
496,Person_496,26,Chicago,110323
497,Person_497,51,Phoenix,114239
498,Person_498,21,New York,109795
499,Person_499,35,Los Angeles,33013
500,Person_500,23,New York,97480
501,Person_501,30,Chicago,92616
502,Person_502,45,Los Angeles,42544
503,Person_503,57,Chicago,35949
504,Person_504,60,Los Angeles,67250
505,Person_505,33,Phoenix,51079
506,Person_506,46,Houston,34875
507,Person_507,32,New York,65909
508,Person_508,29,New York,47412
509,Person_509,60,Phoenix,87491
510,Person_510,33,Houston,72006
511,Person_511,48,Phoenix,33757
512,Person_512,64,Phoenix,38451
513,Person_513,46,Los Angeles,55134
514,Person_514,32,New York,40047
515,Person_515,20,Chicago,45699
516,Person_516,55,Chicago,83993
517,Person_517,60,Phoenix,59036
518,Person_518,52,New York,109339
519,Person_519,35,Houston,76402
520,Person_520,23,Los Angeles,34993
521,Person_521,61,Houston,69715
522,Person_522,42,Chicago,110116
523,Person_523,57,Phoenix,91165
524,Person_524,47,New York,56172
525,Person_525,39,Houston,85227
526,Person_526,25,Los Angeles,84714
527,Person_527,47,New York,94966
528,Person_528,32,New York,81667
529,Person_529,34,New York,53028
530,Person_530,57,Phoenix,57600
531,Person_531,32,Phoenix,88463
532,Person_532,29,Phoenix,58530
533,Person_533,44,New York,93578
534,Person_534,44,New York,30433
535,Person_535,31,Chicago,87042
536,Person_536,57,Phoenix,54906
537,Person_537,58,Houston,66186
538,Person_538,46,Los Angeles,82291
539,Person_539,49,Phoenix,37315
540,Person_540,44,Los Angeles,35902
541,Person_541,48,Phoenix,109738
542,Person_542,55,Chicago,31375
543,Person_543,24,Los Angeles,57843
544,Person_544,46,Houston,104024
545,Person_545,41,Chicago,43288
546,Person_546,30,Chicago,95738
547,Person_547,45,New York,42503
548,Person_548,50,New York,55856
549,Person_549,30,Chicago,47401
550,Person_550,19,Phoenix,77396
551,Person_551,42,Los Angeles,40824
552,Person_552,64,Houston,79045
553,Person_553,50,Houston,34741
554,Person_554,59,Phoenix,107818
555,Person_555,25,Chicago,111609
556,Person_556,55,Houston,43511
557,Person_557,27,Phoenix,42616
558,Person_558,57,Chicago,67702
559,Person_559,62,Chicago,109846
560,Person_560,43,Phoenix,80670
561,Person_561,43,New York,53546
562,Person_562,26,New York,92870
563,Person_563,64,Houston,66555
564,Person_564,50,Los Angeles,64227
565,Person_565,25,Houston,80202
566,Person_566,33,Houston,35506
567,Person_567,31,New York,48417
568,Person_568,30,Houston,72976
569,Person_569,34,New York,58731
570,Person_570,25,New York,89272
571,Person_571,24,Los Angeles,50011
572,Person_572,47,New York,68450
573,Person_573,35,Chicago,81430
574,Person_574,36,Phoenix,57538
575,Person_575,41,New York,70705
576,Person_576,28,Chicago,80746
577,Person_577,54,Houston,86021
578,Person_578,64,Chicago,76596
579,Person_579,30,Phoenix,37600
580,Person_580,25,Houston,90741
581,Person_581,59,Los Angeles,66103
582,Person_582,58,Los Angeles,80726
583,Person_583,55,Chicago,51326
584,Person_584,50,Los Angeles,72635
585,Person_585,36,New York,36971
586,Person_586,41,Phoenix,114727
587,Person_587,25,Chicago,104752
588,Person_588,39,Chicago,94063
589,Person_589,23,Houston,108672
590,Person_590,59,Los Angeles,81807
591,Person_591,28,New York,74589
592,Person_592,50,Houston,38984
593,Person_593,47,Los Angeles,111789
594,Person_594,43,Chicago,99110
595,Person_595,23,Phoenix,107151
596,Person_596,42,Chicago,72506
597,Person_597,23,Phoenix,53458
598,Person_598,22,Chicago,89103
599,Person_599,38,New York,79007
600,Person_600,26,Los Angeles,76720
601,Person_601,29,Houston,56421
602,Person_602,31,Phoenix,77421
603,Person_603,42,New York,31477
604,Person_604,64,Los Angeles,85297
605,Person_605,34,New York,97019
606,Person_606,43,Houston,83500
607,Person_607,23,Houston,102349
608,Person_608,30,New York,80814
609,Person_609,24,New York,51915
610,Person_610,55,Phoenix,63509
611,Person_611,50,Phoenix,110725
612,Person_612,59,Phoenix,112589
613,Person_613,57,Houston,93215
614,Person_614,25,Los Angeles,66518
615,Person_615,52,Houston,47561
616,Person_616,18,Phoenix,78149
617,Person_617,61,Houston,106496
618,Person_618,50,Chicago,106297
619,Person_619,25,Phoenix,105770
620,Person_620,32,Houston,32111
621,Person_621,37,Phoenix,77135
622,Person_622,41,Phoenix,59958
623,Person_623,60,Chicago,33402
624,Person_624,38,New York,59464
625,Person_625,30,Los Angeles,49020
626,Person_626,25,Houston,112437
627,Person_627,59,Houston,51018
628,Person_628,63,Phoenix,116238
629,Person_629,29,Phoenix,76374
630,Person_630,61,Phoenix,102576
631,Person_631,21,Chicago,63291
632,Person_632,18,Los Angeles,115784
633,Person_633,61,Los Angeles,95702
634,Person_634,21,Houston,57248
635,Person_635,45,Houston,46559
636,Person_636,49,New York,84797
637,Person_637,28,Phoenix,64040
638,Person_638,43,Phoenix,115203
639,Person_639,52,Chicago,68479
640,Person_640,40,New York,34936
641,Person_641,53,Los Angeles,41714
642,Person_642,20,New York,56500
643,Person_643,22,Houston,112549
644,Person_644,29,Houston,83384
645,Person_645,32,Chicago,56035
646,Person_646,22,Phoenix,84731
647,Person_647,50,Phoenix,34858
648,Person_648,34,Los Angeles,40107
649,Person_649,28,Houston,62665
650,Person_650,44,New York,38397
651,Person_651,45,Phoenix,80855
652,Person_652,47,Chicago,116546
653,Person_653,52,Chicago,71249
654,Person_654,62,Chicago,50776
655,Person_655,36,Houston,36954
656,Person_656,20,Chicago,102854
657,Person_657,59,Los Angeles,70826
658,Person_658,25,Houston,92191
659,Person_659,56,Phoenix,104475
660,Person_660,26,Houston,102468
661,Person_661,36,Houston,48975
662,Person_662,18,Chicago,119703
663,Person_663,26,Phoenix,39697
664,Person_664,35,Houston,101606
665,Person_665,54,Houston,101330
666,Person_666,23,Phoenix,72594
667,Person_667,43,Chicago,62849
668,Person_668,29,New York,52759
669,Person_669,54,Houston,85003
670,Person_670,25,Houston,50292
671,Person_671,58,Houston,48869
672,Person_672,22,Los Angeles,41046
673,Person_673,48,Phoenix,106982
674,Person_674,18,New York,94868
675,Person_675,24,Chicago,84393
676,Person_676,61,Phoenix,48937
677,Person_677,28,Houston,44636
678,Person_678,37,New York,46997
679,Person_679,46,Los Angeles,47238
680,Person_680,30,Los Angeles,79466
681,Person_681,52,Phoenix,82645
682,Person_682,54,Los Angeles,93081
683,Person_683,19,Houston,113108
684,Person_684,31,Houston,114404
685,Person_685,45,Houston,104567
686,Person_686,58,New York,43788
687,Person_687,24,Phoenix,42808
688,Person_688,55,Phoenix,92615
689,Person_689,40,New York,40710
690,Person_690,31,Phoenix,61233
691,Person_691,25,Los Angeles,52475
692,Person_692,62,Phoenix,94336
693,Person_693,41,Phoenix,119552
694,Person_694,58,Chicago,63370
695,Person_695,37,Phoenix,86515
696,Person_696,39,Chicago,43215
697,Person_697,40,Phoenix,54926
698,Person_698,43,Los Angeles,88709
699,Person_699,25,Houston,98310
700,Person_700,33,Houston,81143
701,Person_701,63,Houston,62211
702,Person_702,34,Chicago,58464
703,Person_703,47,Los Angeles,99505
704,Person_704,34,Houston,45290
705,Person_705,56,Chicago,30838
706,Person_706,28,Chicago,103952
707,Person_707,40,Phoenix,73821
708,Person_708,29,Phoenix,118486
709,Person_709,46,Chicago,110447
710,Person_710,23,Chicago,59931
711,Person_711,22,Phoenix,106596
712,Person_712,60,Houston,55608
713,Person_713,55,Chicago,55183
714,Person_714,61,Phoenix,76933
715,Person_715,38,Chicago,52154
716,Person_716,23,Chicago,66275
717,Person_717,36,Los Angeles,43764
718,Person_718,34,Houston,115771
719,Person_719,40,Phoenix,109239
720,Person_720,46,Los Angeles,32816
721,Person_721,47,Houston,32291
722,Person_722,27,Houston,49428
723,Person_723,55,New York,74865
724,Person_724,28,Chicago,117562
725,Person_725,36,Houston,109996
726,Person_726,39,New York,97996
727,Person_727,42,New York,46158
728,Person_728,42,Houston,50669
729,Person_729,43,Chicago,89624
730,Person_730,56,Houston,43297
731,Person_731,26,Los Angeles,87938
732,Person_732,31,Houston,46828
733,Person_733,54,New York,49576
734,Person_734,38,Chicago,43945
735,Person_735,34,Los Angeles,75786
736,Person_736,23,Phoenix,33248
737,Person_737,28,Los Angeles,91352
738,Person_738,47,Phoenix,40387
739,Person_739,36,Phoenix,43913
740,Person_740,30,Los Angeles,99472
741,Person_741,50,Phoenix,49610
742,Person_742,20,Los Angeles,82021
743,Person_743,23,Phoenix,30996
744,Person_744,29,Chicago,41984
745,Person_745,50,Houston,105559
746,Person_746,25,Houston,85195
747,Person_747,21,Los Angeles,101284
748,Person_748,37,Los Angeles,82315
749,Person_749,41,Chicago,33535
750,Person_750,45,Chicago,60369
751,Person_751,54,Houston,53047
752,Person_752,46,Houston,61014
753,Person_753,46,Phoenix,113146
754,Person_754,51,Chicago,93802
755,Person_755,62,Phoenix,108020
756,Person_756,33,New York,55633
757,Person_757,24,New York,35569
758,Person_758,62,New York,97109
759,Person_759,28,Houston,68182
760,Person_760,49,Los Angeles,69994
761,Person_761,52,New York,88370
762,Person_762,60,New York,30850
763,Person_763,33,New York,54281
764,Person_764,31,Houston,75034
765,Person_765,62,Chicago,94613
766,Person_766,57,Chicago,94809
767,Person_767,18,Chicago,93896
768,Person_768,36,Phoenix,96938
769,Person_769,18,Chicago,110261
770,Person_770,36,Houston,76985
771,Person_771,28,Houston,40939
772,Person_772,34,Los Angeles,42865
773,Person_773,39,Los Angeles,91080
774,Person_774,41,New York,58949
775,Person_775,64,Phoenix,31032
776,Person_776,52,Houston,61799
777,Person_777,36,Phoenix,63674
778,Person_778,38,Houston,63556
779,Person_779,52,New York,42369
780,Person_780,64,Phoenix,84299
781,Person_781,24,New York,38725
782,Person_782,53,New York,55886
783,Person_783,18,Houston,100354
784,Person_784,20,Los Angeles,72845
785,Person_785,36,Phoenix,106527
786,Person_786,46,Phoenix,57917
787,Person_787,47,Houston,32309
788,Person_788,46,Chicago,74795
789,Person_789,23,Houston,71037
790,Person_790,35,Chicago,68781
791,Person_791,48,Phoenix,68330
792,Person_792,33,Chicago,94984
793,Person_793,41,Houston,57923
794,Person_794,45,Chicago,88884
795,Person_795,39,New York,101380
796,Person_796,35,Los Angeles,50281
797,Person_797,43,New York,72644
798,Person_798,41,New York,113820
799,Person_799,24,Phoenix,51313
800,Person_800,64,Phoenix,104680
801,Person_801,32,Phoenix,117566
802,Person_802,23,Los Angeles,39219
803,Person_803,46,New York,49118
804,Person_804,43,Houston,96598
805,Person_805,42,Chicago,52940
806,Person_806,28,Houston,52557
807,Person_807,55,Phoenix,118043
808,Person_808,24,Phoenix,54903
809,Person_809,60,Houston,37332
810,Person_810,51,New York,111595
811,Person_811,26,Phoenix,80253
812,Person_812,58,Los Angeles,113419
813,Person_813,54,Chicago,49516
814,Person_814,42,New York,43665
815,Person_815,36,Chicago,97987
816,Person_816,58,Los Angeles,114844
817,Person_817,32,Houston,99506
818,Person_818,61,Los Angeles,65525
819,Person_819,51,Los Angeles,75966
820,Person_820,35,Houston,39424
821,Person_821,52,Los Angeles,80813
822,Person_822,47,Los Angeles,59089
823,Person_823,43,New York,116398
824,Person_824,42,New York,105547
825,Person_825,52,Phoenix,97924
826,Person_826,56,Phoenix,86875
827,Person_827,36,New York,61404
828,Person_828,44,Phoenix,80222
829,Person_829,44,New York,49786
830,Person_830,43,Houston,115284
831,Person_831,43,New York,46240
832,Person_832,41,Houston,79476
833,Person_833,63,Houston,45552
834,Person_834,51,Los Angeles,57509
835,Person_835,23,Los Angeles,74482
836,Person_836,22,New York,57733
837,Person_837,40,New York,57593
838,Person_838,38,Houston,60840
839,Person_839,37,Los Angeles,40423
840,Person_840,41,Chicago,46582
841,Person_841,43,New York,79517
842,Person_842,28,Los Angeles,108906
843,Person_843,19,Chicago,100923
844,Person_844,18,New York,70971
845,Person_845,25,Los Angeles,73715
846,Person_846,60,Houston,94522
847,Person_847,20,Houston,51421
848,Person_848,21,Houston,91922
849,Person_849,18,Chicago,80904
850,Person_850,45,New York,41245
851,Person_851,49,Phoenix,47172
852,Person_852,22,Phoenix,79017
853,Person_853,59,Los Angeles,93051
854,Person_854,27,Chicago,85605
855,Person_855,64,New York,60228
856,Person_856,43,Chicago,40060
857,Person_857,34,Houston,93417
858,Person_858,63,Houston,62448
859,Person_859,22,Houston,73517
860,Person_860,45,New York,73787
861,Person_861,45,Phoenix,63316
862,Person_862,52,New York,40599
863,Person_863,60,Chicago,118851
864,Person_864,20,Phoenix,51611
865,Person_865,64,Los Angeles,117948
866,Person_866,48,Chicago,34039
867,Person_867,33,Houston,112928
868,Person_868,52,Houston,70663
869,Person_869,27,Phoenix,85108
870,Person_870,31,New York,100274
871,Person_871,26,Phoenix,61900
872,Person_872,60,Houston,113297
873,Person_873,50,Phoenix,94221
874,Person_874,55,Chicago,83034
875,Person_875,40,Phoenix,104039
876,Person_876,38,Los Angeles,74499
877,Person_877,64,Phoenix,101955
878,Person_878,59,Houston,80311
879,Person_879,43,Phoenix,119393
880,Person_880,44,Chicago,106961
881,Person_881,60,Los Angeles,95319
882,Person_882,51,Phoenix,56859
883,Person_883,51,Los Angeles,32890
884,Person_884,64,New York,93544
885,Person_885,33,Phoenix,94736
886,Person_886,47,Houston,104584
887,Person_887,43,Houston,115672
888,Person_888,60,Houston,115456
889,Person_889,46,Houston,72400
890,Person_890,48,Los Angeles,64874
891,Person_891,41,New York,66606
892,Person_892,47,Phoenix,91934
893,Person_893,24,Chicago,118251
894,Person_894,20,Houston,40517
895,Person_895,45,Houston,94832
896,Person_896,18,Houston,98465
897,Person_897,47,Houston,99335
898,Person_898,21,Los Angeles,32024
899,Person_899,57,New York,105269
900,Person_900,27,Chicago,69839
901,Person_901,39,Chicago,77204
902,Person_902,48,Los Angeles,64619
903,Person_903,50,Houston,59669
904,Person_904,29,New York,46157
905,Person_905,48,Phoenix,73496
906,Person_906,45,Houston,30522
907,Person_907,33,Chicago,52003
908,Person_908,54,Los Angeles,118746
909,Person_909,28,Houston,44404
910,Person_910,38,Chicago,71192
911,Person_911,30,Houston,104754
912,Person_912,22,Los Angeles,105865
913,Person_913,22,New York,99691
914,Person_914,50,Phoenix,41629
915,Person_915,62,Chicago,80819
916,Person_916,34,Phoenix,72955
917,Person_917,64,Phoenix,42430
918,Person_918,29,Chicago,58815
919,Person_919,23,Chicago,114555
920,Person_920,29,New York,75058
921,Person_921,27,New York,118553
922,Person_922,30,New York,73365
923,Person_923,41,Los Angeles,74994
924,Person_924,27,New York,36923
925,Person_925,24,Houston,77558
926,Person_926,45,New York,31432
927,Person_927,31,Houston,38870
928,Person_928,25,Phoenix,74996
929,Person_929,61,Chicago,50224
930,Person_930,33,Houston,119806
931,Person_931,33,Los Angeles,108958
932,Person_932,56,Chicago,95913
933,Person_933,24,Los Angeles,45555
934,Person_934,57,Phoenix,70362
935,Person_935,35,Chicago,41335
936,Person_936,56,Chicago,111927
937,Person_937,23,Chicago,94678
938,Person_938,42,New York,107522
939,Person_939,48,Phoenix,51463
940,Person_940,23,Houston,38489
941,Person_941,24,New York,36128
942,Person_942,53,New York,49243
943,Person_943,38,New York,61250
944,Person_944,32,New York,32727
945,Person_945,19,Phoenix,60788
946,Person_946,30,Chicago,57474
947,Person_947,38,New York,70799
948,Person_948,20,Chicago,40348
949,Person_949,46,Los Angeles,114130
950,Person_950,62,Los Angeles,47267
951,Person_951,49,New York,44757
952,Person_952,23,Chicago,69326
953,Person_953,47,New York,89681
954,Person_954,27,Houston,83177
955,Person_955,36,Phoenix,80930
956,Person_956,56,Phoenix,64940
957,Person_957,50,Phoenix,100668
958,Person_958,36,Los Angeles,58205
959,Person_959,57,Chicago,57057
960,Person_960,23,Houston,100009
961,Person_961,34,Los Angeles,32323
962,Person_962,44,Phoenix,31106
963,Person_963,64,Phoenix,109120
964,Person_964,35,Phoenix,46032
965,Person_965,35,Los Angeles,92667
966,Person_966,22,Los Angeles,107018
967,Person_967,59,Houston,92207
968,Person_968,46,Chicago,85803
969,Person_969,37,Phoenix,77223
970,Person_970,25,New York,62502
971,Person_971,21,New York,50976
972,Person_972,47,Phoenix,39084
973,Person_973,46,New York,31277
974,Person_974,63,Houston,77153
975,Person_975,55,Phoenix,117990
976,Person_976,25,Los Angeles,102993
977,Person_977,59,Los Angeles,110808
978,Person_978,57,Houston,102578
979,Person_979,61,Houston,72194
980,Person_980,41,Houston,50352
981,Person_981,47,New York,40742
982,Person_982,34,New York,34677
983,Person_983,23,Los Angeles,79668
984,Person_984,20,Phoenix,117727
985,Person_985,32,New York,58833
986,Person_986,28,New York,57989
987,Person_987,19,Houston,69631
988,Person_988,34,Los Angeles,37522
989,Person_989,58,Chicago,79998
990,Person_990,53,Houston,116005
991,Person_991,22,New York,64577
992,Person_992,43,Phoenix,90483
993,Person_993,27,Houston,57324
994,Person_994,27,Phoenix,52359
995,Person_995,46,Los Angeles,107635
996,Person_996,43,Phoenix,87990
997,Person_997,38,Chicago,54761
998,Person_998,29,New York,94944
999,Person_999,34,New York,106843
1000,Person_1000,64,New York,81868
